[
  {
    "nick": "", //Ник, который будет соответствовать данной странице на сайте голосования (насколько я понял, тут можно рандомный ник)
    "email": "",  // логин от акка в ВК (можно телефон или почту)
    "pass": ""    //пароль от акка в ВК
  }, // Обрати внимание на запятые, можешь копировать блок ниже сколько угодно раз, но следи за запытыми и скобками
  {
    "nick": "",
    "email": "",
    "pass": ""
  }
]